MapID	topics
8169	altruism, philosophy, ethics, selfishness, money, economics
18098	philosophy, religion, ethics
31760	philosophy, evolution, morals, science
1960	philosophy, religion
31063	philosophy, science
13284	philosophy, psychology, ethics, animals
7768	politics, philosophy, ethics, science, moral, usa
5685	philosophy, humans, freedom
18437	philosophy, relationships, health, humans, morality
31115	brain, philosophy, computer, transhumanism, technology, society
24632	philosophy, government, education, politics
6986	irrational, objectivity, philosophy, axioms, rationality, reality, logic, realism
2629	lifeanddeath, philosophy, ethics, atheism, religion, god
3253	philosophy, speech, law, politics
15965	government, politics, philosophy, law, ethics, society
14247	philosophy, culture, society, politics
15573	philosophy, ethics, society, politics
31469	philosophy, career, stoicism, stoic
27131	monism, metaphysical, philosophy, materialism, idealism, dualism
5548	philosophy, aliens, scifi, science
8802	philosophy, solipsism, gnoseology
4013	politics, philosophy, law, ethics, ireland, abortion
16677	buddhism, philosophy, ethics, atheism, religion
23537	philosophy, education, relationships, sex
30743	philosophy
25836	philosophy, happiness, ethics
17895	philosophy, ethics, society
17768	philosophy, science
15084	philosophy, literature, ethics
13604	philosophy, literature, history
30511	philosophy, religion
14224	government, politics, philosophy, law, democracy, economics
12546	philosophy, ethics
921	cars, ai, trolley, philosophy, ethics
9967	philosophy, religion, science
31639	philosophy, truth, criticalthinking
33156	philosophy, law, religion, international, logic
25698	philosophy, morality
3371	judaism, philosophy, islam, christianity, religion, faith
6492	women, politics, philosophy, feminism, society
14050	philosophy, society
5496	philosophy, pascal, religion, wager, existence, god
16645	philosophy, ethics, society
7915	metaphysical, nietzsche, philosophy, meaning, nihilism
31704	philosophy, racism
16245	politics, philosophy, christianity, religion, feminism
11294	philosophy, science, ecology, technology, society
13869	philosophy, law, ethics, comedy, racism, freespeech
8776	philosophy, lifeanddeath, ethics
18393	philosophy, evolution, faith, science
27064	philosophy, morality, ethics, medicine
9265	philosophy, animals, humans, society
13365	philosophy, relationships, life
6487	philosophy, ethics, freedom, individual, society
1592	philosophy, trilemma, ethics
23819	philosophy, ethics, society, politics
10220	government, politics, philosophy, policy, society
9284	antinatalism, philosophy, ethics, parents, children, society
15121	philosophy, antinatalism, tremblay, benatar
13517	philosophy, ethics, freedom, health, morality, usa
14191	philosophy, tok
2649	philosophy, morality, ethics
25524	philosophy, democracy, war, politics
17707	philosophy, government, society
16622	philosophy, health, ethics
9858	philosophy, theory, simulation, anthropic
23675	philosophy, law, ethics, health, society
18944	philosophy, rationality, epistemology
17146	philosophy, psychology, ethics
13307	sociology, philosophy, ethics, communication, morality, society
10278	philosophy, geology, religion, science
1379	philosophy, religion, life, science
9863	opensource, philosophy, ethics, economics, society
16776	philosophy, children, ethics
8317	philosophy, postmodernism, society
15494	philosophy, ethics
31735	philosophy, idealism, materialism
31699	philosophy, languages, science
25215	philosophy, humans
13112	philosophy, god, religion, rationality
12377	politics, philosophy, policy, ethics, technology, economics
26980	philosophy, logic, epistemology
32012	philosophy, biology, science
4049	privacy, ai, philosophy, education, ethics
23956	philosophy, religion, science
23515	government, politics, philosophy, policy, society, usa
3143	antinatalism, philosophy, ethics, parents, children
30082	philosophy, psychology, morality
12075	philosophy, education, art, ethics, science, society
15434	government, politics, philosophy, ethics, religion
24078	philosophy, society, freedom
16184	philosophy, immigration, ethics, politics
22969	philosophy, psychology, education, science
23437	sex, philosophy, relationships, lgbtq, gender
23651	sex, philosophy, art, culture, feminism
16961	philosophy
19059	philosophy, ethics, science, health, society
16685	philosophy, ethics
25244	philosophy, religion, life
22957	philosophy, psychology, education, ethics, society
9306	infinite, philosophy, simulation, existence, universe
6298	philosophy, science
16513	philosophy, religion, ethics, society
16750	philosophy, religion, ethics, humans
21178	philosophy, morality, ethics, business
24908	philosophy, society
16560	philosophy, ethics, environment, climatechange, society
16404	philosophy, justice, morality
8716	philosophy, animals, morality, ethics
16617	philosophy, lgbtq, ethics, gender, society
13286	philosophy, mathematics, religion, science
25148	philosophy, ethics, utility, recreation, morality
19154	philosophy, science, health, technology, society
19185	philosophy, mathematics, physics, science
8363	uk, freedom, europe, politics
26120	elections, europe, parliament, eu
15993	russia, world, europe
9906	politics, europe, democracy, media, eu
25506	russia, politics, us, europe, eu
2206	monarchy, europe, politics
30926	europe, unitedstates, surveillance, politics
29784	distress, europe, immigration, migrants, lampedusa, seawatch
15399	eu, europe, democracy, politics
21296	elections, europe, eu
28423	eu, europe, thistimeimvoting, politics
16751	politics, world, europe, war, usa
8649	macedonia, politics, international, greece, europe
17682	policy, science, health, europe, economics, eu
24252	eu, europe, turkey, politics
6246	referendum, brexit, politics, europe, uk, eu
28721	sports, europe, entertainment
9649	europe, currency, economics, politics
1137	politics, history, christianity, religion, europe
31278	law, humanrights, asylumseekers, refugees, europe
28280	africa, religion, culture, europe, eu
33111	sports, europe
15246	peace, eu, europe, politics
6351	politics, law, europe, economics, society
1027	gambling, law, europe
9531	earth, environment, europe, science
19119	politics, europe, democracy, hungary, eu
4479	catalonia, europe, referendum
18953	nato, military, politics, europe, usa
26289	languages, culture, europe, society, eu
30056	environment, europe, traffic, flying
27791	military, thistimeimvoting, politics, europe, eu
8708	brexit, politics, europe, uk, eu
17773	policy, law, marijuana, europe, medicine, eu
26929	elections, thistimeimvoting, democracy, europe, eu
28593	politics, kosovo, serbia, yugoslavia, europe
27820	thistimeimvoting, europe, society, politics
19648	politics, policy, democracy, society, usa
1470	elections, politics, democracy, justice, usa
30918	government, democracy, voting, politics
26330	government, nations, democracy, politics
18066	uk, democracy, parliament, politics
22084	unitednations, politics, globalization, democracy, world
2168	northkorea, moonjaein, katwsubmission, military, korea, unitedstates, politics, southkorea, unification, democracy, nuclearweapons, kimjongun, international, diplomacy
9299	politics, democracy, trump, society, usa
16836	politics, democracy, israel, religion, judaism
9576	christianity, religion, democracy, politics
29919	droevendaal, democracy, issue
18085	government, politics, humanrights, democracy, society
31745	politics, fakenews, facebook, democracy, socialmedia, freespeech
9360	justice, law, democracy
8148	government, politics, democracy, taxation, economics
30959	speech, peace, discussion, democracy, attention, listen
8559	politics, democracy, freedom, news, media
32315	internet, democracy
27520	elections, morality, democracy, politics
24431	elections, usa, democracy, politics
9754	government, democracy, science
1785	democracy, referendum, society, politics
22454	humanrights, freespeech, democracy, usa
13049	government, elections, democracy, politics
28305	government, youth, democracy, politics
5054	politics, education, democracy, capitalism, technocracy, decisionmaking
31390	politics, digital, democracy, technology, society
31810	un, government, china, democracy, usa
7865	elections, politics, law, democracy, political, society
14123	government, elections, democracy, politics
28455	democracy, referendum, thistimeimvoting, politics
16863	usa, democracy, politics
30486	rrights, influence, discussion, democracy, citizen, governmentpower
2211	democracy, ethics, politics
1692	elections, politics, democracy, voting, society
30570	uk, democracy, political, brexit
33159	constitution, democracy, canada, politics
5212	uk, democracy, politics
13817	government, politics, law, democracy, constitution, usa
3454	government, politics, law, democracy, internet, legislation
14253	ethics, ai, technology, science
14198	education, technology, society
3529	ethics, ai, technology, science
10180	health, technology, science
2495	space, life, technology, science
1546	cars, ai, law, ethics, technology
15553	cars, life, technology, society
16485	vegan, ethics, health, future, technology
28652	privacy, internet, technology
18474	software, internet, technology, browser
13439	ethics, health, technology, society
9196	mobile, technology, classroom
31266	intelligence, technology, science, sciencefiction
8661	netneutrality, internet, technology, politics
17805	communication, podcast, technology, society
29969	military, ethics, weapons, engineering, technology, war
16712	internet, technology, society
8035	science, capitalism, culture, technology, society
486	weapons, technology, war, politics
16827	government, economics, technology, politics
15921	phones, apple, android, technology
19293	emacs, editors, software, vim, technology
6295	ai, law, ethics, rights, technology
17822	drones, military, ethics, technology, war
9344	ethics, environment, technology, climatechange
2366	women, gender, technology, google
3871	economics, climatechange, technology, politics
32789	development, software, modern, softwaredevelopment, technology
18918	business, economics, technology
12788	business, technology, mdm
6844	school, policy, education, children, technology
13514	politics, education, ethics, science, technology
15877	ai, law, ethics, freespeech, technology
11289	ethics, piracy, videogames, software, technology
15943	ai, ethics, science, transhumanism, consciousness, technology
25243	school, college, education, online, technology
19070	ethics, science, evolution, humans, technology
31570	college, education, publiceducation, internet, future, technology
2971	software, programming, technology, development
7872	school, education, children, technology
10054	space, science, earth, future, technology
31689	intelligence, technology, science
21159	space, science, earth, humans, technology, society
10451	password, politics, security, internet, technology
17797	education, children, technology, society
16674	ethics, health, technology, science
18056	business, enterprise, computers, jobs, technology, solutions
30004	regulation, freespeech, technology
10240	patent, law, ip, technology, usa
17968	literature, future, technology
2905	internet, technology, society, medicine
29262	limitation, ethics, scifi, information, future, technology
23269	business, ai, technology, society
19294	containers, dockercompose, kubernetes, mesosphere, servicecfabric, technology
13348	economics, uk, technology, bbc
6182	nuclear, energy, environment, climatechange, technology
2364	privacy, ethics, internet, technology
16473	health, technology
21167	news, media, entertainment, technology
21320	policy, cars, technology, society
16080	defense, technology, war
2904	languages, nerd, programming, computers, technology
12002	ethics, facebook, technology
18730	ethics, education, technology, society
18304	world, internet, technology
31484	space, earth, technology
31770	everyday, environment, technology
15106	education, technology, usa
2032	school, education, technology
21102	law, ethics, science, technology, society
6525	meta, technology, kialo
27706	travel, aircraft, technology, uav
18642	college, laptop, tablet, student, technology
28794	mobile, nerd, technology, games
17750	humanrights, technology, usa
30065	work, relationships, travel, technology
16664	programming, javascript, technology, typescript
17165	ethics, technology, politics
12588	ethics, technology, society
1955	justice, ethics, technology, law
8752	government, opensource, policy, ethics, software, technology
7721	ethics, science, health, humans, technology
13269	education, technology, science
24424	literature, internet, technology
10053	gaming, education, technology
29913	knowledge, health, learning, technology, advice
15590	computing, technology
16646	programming, technology
28770	privacy, education, children, technology
18081	education, science, technology, economics, society
16470	cars, environment, technology, society
33048	money, technology, apple
15897	vuejs, javascript, angular, reactjs, technology
13627	government, politics, ethics, world, technology, society
19383	anonymity, internet, technology
31867	web, apps, programming, mobile, technology
30447	robots, ai, politics, technology, war
5359	sex, women, ai, ethics, technology
18481	ethics, education, technology, science
25580	government, law, data, eu, technology
9745	congress, communication, technology, politics
2710	cars, environment, climatechange, technology, society
28253	ethics, science, animals, humans, technology
24172	future, technology, society
15283	musicianship, music, technology, society
28644	virtuality, technology, smartphones
30031	government, uk, internet, technology
7702	entertainment, internet, games, children, technology
19060	literature, technology
7948	ethics, science, animals, morality, technology
15787	economics, ethics, technology, games
9073	ai, law, ethics, research, technology, intelligence
33046	console, gaming, technology, nintendo
31141	ai, law, ethics, iot, safety, technology
16655	apple, technology, microsoft
9520	evolution, health, technology, society, medicine
15819	sociology, edtech, development, education, internet, biology, children, technology
31866	technology
32038	production, consumer, future, technology
16729	solar, policy, research, climatechange, technology
6395	politics, bitcoin, law, technology, economics
17939	programming, technology
17100	ethics, technology, economics, society, vr
1048	is, twitter, terrorism, isis, facebook, socialmedia, daesh, technology
17649	animals, ethics, technology, science
24064	university, education, technology
11371	elections, technology, india, politics
13262	light, physics, technology, science
27530	bootcamps, computers, technology
24583	film, tv, infosec, fandom, technology, society
1570	gender, feminism, society
18720	gender, lgbtq, equality, feminism
3654	gender, children, parenting
2439	conscription, gender, military, politics
19161	sports, olympics, identity, feminism, gender
15978	politics, ethics, science, health, gender, society
16173	education, identity, transgender, gender, children
10297	gender, relationships
16381	sex, law, equality, violence, gender
13219	science, health, gender, children, medicine
5171	mental, identity, transgender, health, trans, transphobia, gender, self, neurodiversity
16107	education, gender
11680	law, gender, health
1266	sex, equality, transgender, feminism, gender
9359	lgbtq, transgender, health, gender, children
29886	sports, gender, transgender
16419	women, feminism, culture, gender, society
29365	sexuality, gender, lgbtq
3353	australia, law, gender, politics
21194	sports, lgbtq, equality, transgender, gender
12304	women, humanrights, equality, feminism, gender, society
32619	sexuality, gender, lgbtq, equality
10074	advertising, marketing, gender, feminism
7018	race, politics, identity, gender, society
16201	women, lgbtq, equality, transgender, gender
16111	law, lgbtq, health, gender, society
30103	politicalcorrectness, race, hollywood, culture, gender
1715	school, race, education, equality, affirmativeaction, gender
16068	law, gender, culture, society
18677	women, gender, economics, society
16929	gender, lgbtq, trans, transgender
1835	sports, gender, domesticviolence, society
25438	sex, ethics, homosexuality, gender, theory, society
15179	workculture, feminism, period, gender, medicine, society
18807	male, female, equality, power, feminism, gender
2819	doctorwho, nonbinary, sciencefiction, fandom, gender
30703	politicalcorrectness, sexuality, gender, sex
18042	women, transgender, feminism, gender, society
14422	equality, feminism, culture, gender, children
12991	government, women, law, equality, gender
2219	sexuality, gender, lgbtq, ethics
23433	ethics, gender, children, society, parenting
7572	women, ethics, science, health, life, gender
18381	gender, sex, transgender
32647	sports, gender, feminism
8933	women, justice, gender, society, usa
18429	equalopportunity, equality, gender, children, society
17835	gender, ethics, abortion
30279	sports, gender, transgender
30738	drag, gender, lgbtq, trans
29608	gender, lgbtq, equality, socialjustice
4214	robots, sex, women, roles, freedom, liberation, gender
29427	sexuality, gender, ethics
23492	women, men, equality, traditions, shetland, gender
9821	business, gender, women, politics
6466	entertainment, sex, health, morality, gender
16501	sex, relationships, equality, humans, gender
5904	gender, economics, politics
30181	videogames, media, gender, sexism
18634	law, ethics, children, gender, abortion
14974	gender, abortion, feminism
1922	women, equality, feminism, gender, usa
939	sex, politics, law, relationships, gender
7661	politics, law, ethics, islam, uk, gender
22429	school, lgbtq, transgender, gender, children
30937	sex, male, female, feminism, gender
4841	justice, law, morality, ethics
18325	life, lifestyle, ethics, society
7835	politics, law, ethics, equality, inheritance, economics, society
30882	humanrights, ethics, terrorism
1291	charity, ethics, animals, animalrights, children, donations
24599	law, children, ethics, humanrights
6288	politics, law, humanrights, ethics, children, abortion
9389	animals, sex, ethics
14035	vegetarian, vegan, ethics, animals, animalrights
30484	humanrights, prison, ethics, taxes, medicine
9812	civic, education, civil, ethics, society
16098	government, ethics, society, politics
23298	animals, sports, ethics
15464	religion, ethics, politics
14258	animals, health, ethics, science
31491	petersinger, ethics, enviroment, planet, morality, pets
10112	law, ethics, justice, children, society
8238	politics, law, organ, ethics, economics
5625	humanities, value, ethics, science, morality
18387	water, sustainability, health, ethics
16790	government, equality, ethics, economics, society
9317	sex, art, ethics, violence, children
16601	ethics
31027	trade, international, ethics, development
17066	government, politics, business, ethics, parliament, jobs
17493	ethics, society
13292	government, vegan, ethics, taxation, society
15547	politics, law, ethics, justice, society
23601	psychology, relationships, ethics, humans, society
24646	politics, law, education, ethics, society, usa
18590	justice, law, ethics, society
27246	sharks, animals, animalrights, ethics
23484	un, government, military, ethics
11767	health, ethics, medicine
12626	school, politics, education, ethics, religion
3692	government, politics, law, ethics, economics, usa
10294	environment, climatechange, ethics, earth
15242	women, relationships, ethics, health, children, society
1472	children, ethics, science, parenting
3252	capitalism, communism, ethics, politics
14956	school, education, ethics, religion, children
24379	government, law, ethics, politics
16980	government, politics, policy, ethics, usa
7457	capitalism, economics, freemarket, ethics
13901	politics, education, ethics, religion, society
6144	government, politics, ethics, anarchy, society
2224	government, art, ethics, culture
10038	psychology, ethics, religion, children, society, parenting
2903	politics, policy, law, ethics, justice
5246	ethics
16026	immigration, ethics, society, politics
16770	history, ethics
6201	morality, health, ethics, medicine
15346	school, college, education, ethics, society
4197	animals, animalrights, ethics, science
16716	taxation, economics, ethics, politics
2867	politics, law, ethics, whitesupremacy, noplatforming, freespeech, usa
9128	ethics, news, internet, media, journalism
11175	food, ethics, science, environment, economics, society
31640	planet, climatechange, ethics
15674	discussion, ethics, mentalhealth, nurse, discrimination
17272	media, ethics, society, journalism
17721	animals, law, ethics, sports
9202	morality, ethics
18375	government, policy, law, ethics, society
17870	ethics, science, health, medicine, society
1400	animals, animalrights, ethics
17820	government, politics, law, ethics, society
12826	economics, health, ethics
5292	artists, art, topical, ethics
16598	government, politics, ethics, french, english, canada
5096	sports, money, ethics
7473	policy, economics, work, ethics
13760	ethics
18242	animals, vegetarian, health, ethics
1384	relationships, sex, ethics, marriage
28739	porn, legal, ethics, pornography
22386	animals, violence, ethics, morality
13673	humanrights, ethics, religion, health, children, parenting
8668	fraud, ethics, science, pseudoscience, health, natural, medicine, remedy
9124	government, health, ethics, science
18009	government, equality, ethics, money, economics
8678	politics, ethics, trump, world, usa
4654	sex, ethics, violence, feminism, morality
29949	justice, ethics, war
1229	food, vegetarian, ethics, health, animalrights, meat
10378	law, humanrights, ethics, violence, justice
4148	vegan, ethics, animals, humans, life
801	politics, law, ethics, justice, usa
29248	ethics, parents, children, medical, medicine
18432	economics, military, ethics
5435	food, vegan, ethics, animals, health
7734	liberty, money, ethics
17840	law, freespeech, ethics, politics
8522	school, education, ethics, religion, faith
27920	ethics, animals, health, medicine, vaccines
5746	politics, law, ethics, health, medicine, vaccines
7738	religion, ethics, morality
2368	children, ethics, society, parenting
16227	ethics
5428	sex, women, ethics, internet, feminism
8427	ethics, society
2214	politics, ethics, immigration, refugees, migrants
16984	law, health, ethics, medicine
14061	race, humanrights, equality, ethics, society
30884	un, law, humanrights, ethics, governance
22035	education, children, ethics, parenting
19092	economics, education, ethics, society
14491	race, ethics, society, culture
12528	litigation, law, ethics, religion, justice, god, money
15695	sex, ethics, health, children, medicine
4615	government, politics, population, ethics, health
5465	economics, environment, gmo, ethics
13520	artificial, ethics, science, future, intelligence
24326	internet, sex, ethics, society
10265	business, entertainment, ethics
31030	government, ethics, politics
19191	law, ethics, society, politics
15002	government, policy, law, ethics, society
13201	internet, ethics, technologies
15114	health, ethics, society
8547	independence, politics, ethics, catalonia, catalunya, society
8539	ethics, religion, god, faith, society
19233	government, ethics, society
9913	sex, ethics, health, feminism, society
14186	law, ethics, justice, medicine, society
15103	coffee, nutrition, ethics, production, health, caffeine, society
23978	animals, health, ethics, society
4305	law, ethics, sports
16269	ethics, society
24058	energy, law, ethics, politics
16216	psychology, humans, ethics, society
7288	politics, equality, ethics, justice, society
26678	art, money, ethics
30074	walmart, retail, ethics, fired, loss, jobs
14295	justice, jobs, ethics, society
7739	animals, law, violence, ethics
5545	procreation, marriage, law, equality, ethics, children
14447	poverty, law, ethics, justice, morality, society
6835	ethics, society, politics
11899	faith, god, religion, ethics
14269	government, ethics, drugs, health, usa
16579	ethics, society
6148	politics, law, humanrights, ethics, freedom, freespeech
13283	government, charity, politics, ethics, religion, funding
10052	government, law, ethics, disaster, pricegouging, economics
1473	lifeanddeath, law, hungergames, ethics
4971	race, usa, ethics, politics
17848	speech, kialo, debate, politics, ethics
8550	sex, ethics, religion, health, society
16994	animals, morality, entertainment, ethics
9339	government, privacy, politics, ethics, society
2222	economics, poverty, ethics, politics
9980	law, health, ethics, humanrights
24937	food, vegan, ethics, animals, health
2851	humanrights, ethics, religion, health, feminism, abortion
2024	animals, animalrights, ethics
6116	identity, ethics, culture, politics
4839	morality, entertainment, ethics, fandom
15320	ethics
2762	vegan, vegetarian, ethics, animals, health, climatechange
9146	art, ethics, society, culture
8500	policy, animal, ethics, animalrights, breeding
8764	sports, health, ethics, society
25727	religion, ethics, society, politics
2210	women, law, ethics, children, society
19079	animals, sports, health, ethics
13979	government, policy, education, ethics, health, usa
6194	children, ethics, parenting
28545	business, poverty, ethics
3853	mormon, geography, knowledge, ethics, christianity, war
24839	law, children, sex, ethics
13623	sociology, law, ethics
2408	politics, history, ethics, monuments, statues, currentevents, usa
21075	morality, ethics, society
2217	law, ethics, health, abortion, society
10408	government, privacy, politics, ethics, transparency
30341	politics, legend, ethics, drugs, religion, rastafarians
14350	law, children, ethics
8987	ethics, animals, pet, animalrights, humane
7215	reproduction, ethics, baby, overpopulation, society
14119	law, ethics, society
16340	marriage, relationships, ethics, culture, society
21692	ethics, society, usa
1154	fbi, apple, ethics, usa
11037	racism, race, africanamericans, ethics
27703	media, health, ethics, food
27921	refugees, immigration, ethics, politics
9791	law, health, ethics, humanrights
29827	prison, ethics, death, crimes, justice
17173	environment, earth, ethics, science
7438	taxation, government, morality, ethics
25981	sex, politics, ethics, justice, society
31766	politics, ethics, internet, information, morality, war
14740	animals, animalrights, police, ethics
16244	government, politics, psychology, ethics, trump, usa
9467	ethics, christianity, religion, pope, catholicism
5601	trump, usa, ethics, politics
12620	myth, ethics
21532	entertainment, movies, ethics, comics, humans
963	policy, law, ethics, children, abortion, parenting
16566	race, equality, ethics, society
5734	anonymity, privacy, law, ethics
33205	ethics, nature
23496	animals, law, health, ethics
2854	military, politics, law, ethics, society
21674	sexualassault, morals, ethics, society
985	law, ethics, humans, life, society
21723	aspd, sociopath, law, shane, ethics, mentalhealth, dawson
2995	race, football, politics, ethics, society, usa
14699	food, ethics, humans, culture, society
29707	poverty, ethics, environment, humans, children
30787	justice, money, society
15666	trump, justice, usa, politics
32172	justice, right, morality, emotion
28474	justice, law, violence, police
4611	justice, literature, equality, elections
33105	justice, turkey, history, war
26696	justice, president, usa
17022	politics, humanrights, violence, justice, usa
26442	justice, law, economics, property
28709	justice, humanrights, lgbtq, equality
1474	justice, law, children, society
8319	justice, law, violence, gun
10237	justice, law, violence
28689	justice, law, life, humanrights
15269	justice, law
29836	nationalism, antifa, fascism, racism, justice, nazi
2868	politics, law, trump, justice, pardon, usa
14365	law, art, justice, media, society
11518	trial, justice, money
26866	politics, psychology, equality, feminism, justice, society
21693	justice, religion, police, gouvernement
29349	justice, literature, freespeech, crimes
5850	race, law, humanrights, justice, freespeech
2232	justice, law, society
8961	justice, law, society, politics
13672	courts, government, law, justice, usa
29867	india, vigilante, feminism, justice, gulabi
10196	justice, police, society
30446	justice, police, governance, crimes
1325	justice, law, usa
6067	justice, violence
21039	justice, politics, unitedstates, government
3946	justice, literature, entertainment
16549	justice, law, government
18480	justice, law, society
12134	justice, uk, world
28302	moral, justice, society, politics
13187	humanrights, law, violence, justice, war
13860	government, race, politics, washington, usa
16376	government, environment, cars, society
16648	space, government, military, politics, usa
29567	healthcare, government, 911dispatch
16083	government, politics, economics, society, usa
28136	government, freedom, politics
17753	government, health, privacy
30569	america, government, usa, ice, descrimination, mexico
21363	government, money, immigration, identity
10402	government, elections, usa, politics
14080	government, law, environment, climatechange
23038	government, usa, economics, politics
5515	humanrights, government, war, society
14410	government, policy, equality, economics, society
13057	government, politics, law, drugs, economics
10393	policy, government, environment, health
18035	government, health, politics
10385	government, cars, food, environment, climatechange
7999	government, elections, politics, oprah, society, usa
12133	government, gun, politics, violence, society
2799	government, health, politics
14255	taxation, government, religion, society
12650	government, politics, law, education, society
23927	government, corruption, politics
24623	government, law, society, politics
23850	government, law, usa, politics
6079	government, politics, trump, society, usa
13621	government, education, culture
16420	policy, government, politics
8337	government, politics, science, environment, earth, climatechange
16035	policy, government, usa, politics
17775	government, military, politics, taxation, funding, society, usa
13974	government, usa, cuba, politics
24631	government, elections, politics, law, society, usa
13035	government, sociology, politics
18593	government, law, equality, religion, jobs, society
14060	government, elections, politics
31213	climate, government, climatechange, governmentpower
18597	government, society, politics
15609	government, society, politics
17645	government, politics
14121	government, law, health, world, society
16974	taxation, government, economics
16755	government, usa, economics, politics
15052	un, government, politics, peace, globalization
12676	government, politics, education, student, economics
4051	government, world, politics
15632	school, government, gun, politics, usa
15335	government, obama, politics, president, usa
24615	government, economics, society
15098	government, police, politics, immigration, usa
26876	government, elections, politics, finance, money
12551	government, india, aadhaar, politics
13876	policy, government, eu, us
12278	government, politics, freedom, libertarian, capitalism
23318	school, government, politics, education, children
16070	government, society, politics
13386	government, police, politics, security, usa
12945	government, health, politics
12138	aviation, government, atc, aircraft, safety, privatization
18524	government, elections, children
17250	mail, government, taxes
17627	policy, government, society, politics
31279	government, right, healthcare, health, care
17593	government, gun, science
21362	government, military, education, suicide, medicine
10341	government, law, world, politics
31476	un, government
24455	government, politics, policy, jobs, usa
23728	australia, government, politics
16794	government, india, money, economics, society
2223	government, immigration, australia
19153	government, society, usa
25497	marriage, government, society
1634	government, poverty, politics, equality, money, economics
13208	government, military, politics, world, war, usa
14140	government, education, jobs, future, economics
21230	government, welfare, unemployment
4950	government, society
17495	government, economics, politics
2469	government, elections, politics, history, usa
2813	government, politics, policy, law, taxation, reform, economics, usa
3171	government, money, economics, society
8516	government, law, elections, politics
15438	switzerland, government, economics
9563	government, education, art, economics
7396	government, uk, health
18668	government, politics, us, constitution, usa
15728	military, government, world, society
4711	space, property, law, economics
1314	law, jobs, health, humanrights
16093	law, children, health, women
1413	sex, women, law, equality, feminism
16454	law, poverty, economics, politics
27268	gun, christchurch, law, gunlaw, firearms
26453	uk, law, islam, politics
17783	media, law, society, usa
9716	law, elections, society, politics
31205	humanrights, law, society
10134	politics, law, humanrights, equality, freespeech
7100	drugs, law, health
26950	law, children, parenting
13282	privacy, business, law, governance, internet
4254	law, politics
14055	genealogy, law, dna
16962	courts, law, murder, unitedstates
9060	policy, smoking, law, health
2027	politics, policy, regulation, law, drugs
2856	regulation, airbnb, law, housing, nyc, economics, usa
30007	jurisprudence, law
17733	internet, law, relationships, society
2871	politics, policy, law, minors, immigration, children, usa
18131	freespeech, law, religion, politics
13864	law, society
12228	law, drugs, marijuana, medicine, usa
16153	politics, law, humanrights, immigration, trump
3991	law, entertainment, sports
6980	world, law, politics
11720	gun, politics, law, constitution, society, usa
12952	law, blockchain, cryptocurrency, crypto, economics, society
16826	law, literature, society
23808	belief, law, violence, religion, culture
14793	law, animalrights, politics
7185	trade, law, housing, broker, house, legislation, commerce, property, realestate, economics, society
10293	military, politics, law, religion, health, marijuana, war, vaccines
16524	psychology, law, sexuality, orientation, children
16592	law, health, economics, medicine
10120	violence, law, gaming, politics
4201	law, usa, constitution, politics
29895	unitedstates, law, murder, mentalhealth, suicide, crimes
7299	drugs, law, marijuana, cannabis
30161	law, community, society, politics
25033	demokratie, wahlrecht, law, politik, steuer
26246	copyright, law, eu, legislation
9351	cars, law, environment, climatechange
31514	law, education, society, future, books
14511	law, usa, constitution, politics
10214	school, politics, law, education, society, usa
15489	law, environment, climatechange, australia
19653	authors, law, copyright, music, creativity
11780	race, police, policebrutality, law, usa
7587	law, environment, climatechange, earth
10317	law, police, society
18938	politics, law, home, civics, rentals, rural
13173	animals, law, society
10049	race, police, law, society, usa
17841	body, law, society
7944	food, law, science, health, safety, bacteria, microbiology, medicine
9647	school, policy, law, education, usa
24279	money, politics, law, humanrights, freespeech
2795	law, usa, science, politics
27376	copyright, law, art, authors
23796	law, cycling, health, safety, society
32830	alcohol, law, drugs, germany, beer, marijuana
10179	drugs, hemp, law, economics
5637	women, law, religion, health, feminism, abortion
15306	law, economics, pollution
4119	law, usa, identity, politics
22325	law, health, medicine
18227	law, usa, economics, politics
7043	school, education, children, liberty
15313	school, education, children, usa
10068	school, education, children
29964	diversity, education, children, english
23120	internet, children, socialmedia, privacy
17722	school, policy, education, children, society
23597	school, education, art, culture, children, society
11504	parenting, uk, children, usa
5409	parenting, children, morality
11798	education, uk, finance, children, economics
16292	teaching, education, children, society
16522	poverty, christianity, religion, children, abortion
7614	school, education, children, parenting
7871	school, education, children, learning
9762	school, gun, politics, violence, children
18740	humanrights, christianity, religion, children, parenting
13236	poverty, economics, environment, humans, climatechange, children
17045	school, education, children, usa
32097	humanrights, parenthood, children, abortion, disability
26258	media, children, entertainment, morality
24773	santa, children, christmas
23139	education, children, vegetarian, vegan
29993	parents, children, family
22714	school, sex, politics, education, children, society
30048	illness, mentalhealth, health, children, nature, nurture
22512	school, police, education, violence, children
16694	videogames, starcitizen, entertainment
2415	harrypotter, literature, entertainment, fandom
18615	sports, entertainment
7704	entertainment, games
29979	entertainment, movies, hollywood, acting, performance, fandom
28772	movies, comics, entertainment, fandom
9760	movies, entertainment, equality, usa
28434	entertainment, movies, marvel, fandom, superheroes
8610	entertainment, startrek, trek, tv, discovery, orville
15876	movies, entertainment, equality, lgbtq
10143	sports, entertainment, football, usa, american_football
1222	sports, entertainment, history
29271	entertainment, marvel, comics, scifi, fandom, superheroes
7055	movies, starwars, entertainment
15596	entertainment, games
14232	space, entertainment, science
29348	videogames, roleplay, entertainment, games
13061	india, entertainment, relationships, bollywood, violence
1221	entertainment, games
28426	internet, entertainment, sport, games
29141	streaming, film, entertainment
2588	sports, entertainment, football, media
14860	sports, basketball, entertainment, nba
2331	got, entertainment
24449	entertainment, relationship, marriage, fandom
21211	music, entertainment, culture
1257	movies, best, entertainment, scifi
9394	entertainment, startrek, sciencefiction, scifi, starwars
13387	entertainment, movies, comics, culture, fandom
10145	bbc, entertainment, science, fandom
27596	art, entertainment, games
10076	entertainment, marvel, comics, culture, fandom
16846	acting, entertainment, transgender, lgbtq
15349	literature, entertainment, fandom
1203	literature, entertainment, fandom
16242	film, starwars, entertainment, sciencefiction
8857	entertainment, film, tv, superhero, comics, society
1622	fantasy, entertainment, movies, scifi, starwars, spoilers
32314	videogames, entertainment, games
23856	media, sports, entertainment, politics
18062	sports, entertainment, usa
5087	guns, entertainment, society
7325	comedy, freespeech, entertainment, humor
31231	debate, rationality, christianity, religion, atheism, god
15593	christianity, judaism, religion, islam
4628	god, religion, history
32729	india, secularism, politics, religion, constitution
10057	christianity, religion, atheism, theism, god, morality
31776	education, science, evolution, religion, god
30988	calvinism, christianity, religion, salvation, protestantism
14936	religion, history, society
28231	christianity, religion, society, morality
30906	god, religion
29870	christianity, god, religion, faith
14057	psychology, god, religion, faith
24180	christianity, religion, history
29615	geography, politics, israel, palestine, religion
30051	christianity, religion, god, bible, faith
10223	epistemology, science, christianity, religion, faith
27023	christianity, religion, history
32184	religion, faith, science
30035	religion
9827	violence, religion, humans, morality, society
32840	education, religion
14445	christianity, judaism, religion, history
6949	psychology, religion, health
13518	religion
9025	christianity, religion, women
30320	movies, publiceducation, moana, religion, 1stamendment, pantheism
30331	belief, religion, pascal
31753	religion
30994	christianity, religion
30171	marriage, diversity, religion, society
32518	god, religion, catholicism, pope
8040	christianity, god, religion, faith
7776	religion, faith, islam
32817	spirit, christianity, religion, spirituality, demon, angel
31832	religion, behavior, freud
22421	religion, public, secularism, freedom
18187	interpretation, sexuality, religion, homosexuality, god, scripture
30347	usa, trump, religion, politics
17732	psychology, life, science, evolution
9354	science, health, homeopathy, publichealth, medicine
27425	race, medicine, science
9613	science, environment, gmo, health, climatechange
1471	drugs, experiment, health, science
30542	evolution, science
30382	space, aliens, scifi, science
19434	publishing, research, science
9269	novax, science, parents, health, vaccines
30362	soap, health, bacteria, science
19554	conspiracy, aliens, society, science
4415	space, earth, future, science
31662	science
31761	science, pollution
31653	science
10082	literature, feminism, science, fandom
31294	science, socialjustice, environment, problemsolving, climatechange, future
24877	space, economics, science
4540	climate, science, environment, humans, society
16326	sex, lgbtq, science, health, medicine
9326	environment, climatechange, economics, science
31265	brain, mental, mind, science, states
17715	food, health, science, politics
9620	environment, climatechange, health, science
1232	einstein, sex, history, science
8911	space, future, science
11268	space, earth, science
7591	space, science
3615	politics, knowledge, science, power, bias
7487	food, science, environment, climatechange, future
1258	space, aliens, science
23608	education, society, public, science
27658	academia, publishing, science
15955	complexity, computing, theory, science
28756	openscience, science, wikipedia
3185	futurism, climate, science, ecology, earth
14152	science
14194	weather, science, earth, environment, climatechange
21024	publishing, science
21952	history, society, politics
32290	terrorism, usa, politics
9396	military, politics, germany, safety, war
5064	cars, politics, policy, taxation, economics, usa
14346	women, politics, taxation, feminism, society
23340	politics, conservative, parliament, uk, labour
18595	politics, pence, usa, trump, journalism, foreignpolicy
29723	politics, campaigning, dnc, culture, media
9143	politics, environment, health, climatechange, economics, society
28901	policy, political, politics
26125	politics, foreignpolicy, foreignaid, world, usa
18504	politics
31378	republicans, elections, primaries, politics
26556	un, venezuela, military, politics
23114	money, economics, politics
1323	animalrights, culture, politics
18629	corporations, economics, politics
22691	canada, politics
32636	military, china, politics, international, usa
29497	iran, unitedstates, war, politics
18147	marriage, equality, society, politics
17915	un, security, globalization, politics
4272	war, politics
30274	politics, antifa, germany, antifascism, usa
8267	gerrymandering, usa, politics
33211	politics, socialmedia, protection, online, internet, cyberbullying
7584	australia, republic, politics
13854	school, police, gun, politics, violence, society
5581	school, politics, policy, education, uk, health
25803	work, education, economics, politics
24278	pakistan, india, war, politics
14932	oil, pipeline, politics, business, canada
30072	politics, 2020, biden, trump, usa
16174	lgbtq, economics, politics
1324	reparations, race, slavery, politics, usa
17856	elections, usa, politics
8457	politics, humanrights, equality, economics, society
14248	business, seattle, politics
33056	news, socialmedia, politics
23831	uk, parliament, elections, politics
31316	politics, ideology, socialism, capitalism, anarchy, test
10343	trump, world, usa, politics
29509	psychology, sociology, evolution, politics
18967	india, modi, gandhi, politics
3344	world, history, politics
21064	inheritance, equality, economics, politics
13759	military, politics, security, usa, foreignpolicy
9686	campaigning, finance, politics
13322	america, politics, history, capitalism, economics
16915	usa, abortion, politics
4774	economics, society, politics
33292	monarchy, uk, politics
32878	un, unitednations, politics
30339	nations, politics, states, culture, economics
19171	usa, mexico, society, politics
2567	attacks, terror, protest, politics
7533	usa, multiparty, politics
31228	hongkong, china, protest, politics
30731	elections, referendum, brexit, politics, president, trump
2233	media, society, politics
13449	cars, society, politics
1128	refugees, economics, politics
19334	courts, sexualassault, politics
26322	brexit, uk, politics
24657	mexico, politics, trump, economics, usa
17063	sports, economics, politics
29948	republicans, democrats, controversial, politics
10154	politics, education, economics, society, usa
17261	usa, money, economics, politics
2177	nuclearweapons, northkorea, politics
24439	immigration, society, politics
32298	politics
30154	asylum, politics, immigration, refugees, migrants
32101	environment, climatechange, politics
28043	privacy, usa, ecuador, politics
28468	france, history, revolution, politics
444	taxation, economicinequality, economics, politics
9966	economics, society, politics
4624	republicans, democrats, usa, politics
4650	elections, usa, reform, politics
10296	brexit, politics, cta, uk, ireland, northernireland
16931	politics, business, humanrights, equality, economics
5589	elections, usa, politics
14588	cars, safety, politics
9907	economics, war, politics
4458	republicans, politics, trump, democrats, usa
4608	elections, money, equality, politics
9823	nationalism, economics, society, politics
10098	nato, politics, afghanistan, war, usa
2760	employee, unions, economics, politics
8051	tor, politics, security, infosec, internet, darkweb
4237	referendum, brexit, politics, uk, eu, economics
24265	elections, immigration, politics
18293	politics, animals, environment, world, climatechange
21749	usa, immigration, politics
6695	truth, elections, society, politics
10252	business, economics, politics
14345	poverty, equality, society, politics
29982	taiwan, president, politics
14053	politics, equality, ubi, economics, society
8742	taxation, capitalism, economics, politics
16322	politicalcorrectness, norms, politics, civility, trump, decency
30236	china, worldaffairs, politics, taiwan, southchinasea, war
12750	politics, violence, society, humans, war
9004	trump, world, usa, politics
29690	elections, vote, politics
2853	nuclearweapons, usa, northkorea, politics
32820	hackers, politics
17763	politics, feminism, economics, society, parenting
28996	politics, blockchain, cryptocurrency, governance, crypto, ethereum
2091	un, politics, israel, palestine, usa
24923	politics, impeachment, pence, president, trump, political
14478	southasia, india, politics
3346	gun, politics, violence, society, usa
33086	discrimination, college, politics
28162	gameofthrones, tv, politics
2226	elections, reform, society, politics
23902	world, economics, politics
29602	humanities, education, university, politics
12140	ai, society, politics
13225	california, infrastructure, water, politics
1414	privacy, society, politics
9965	patriotism, usa, society, politics
7841	liberty, politics, markets, economics, society
18869	elections, politics, us, vote, society
8674	australia, equality, culture, politics
7840	usa, economics, society, politics
23626	politics, drugs, violence, economics, mexico
31850	brexit, uk, politics
1764	education, freespeech, politics
29906	politics, history, violence, moral, political
25338	taxation, environment, climatechange, politics
7304	politics, humanrights, health, medicine, society
2179	northkorea, usa, politics
18183	politics, policy, unification, ireland, northernireland
33047	elections, voting, politics
29912	taiwan, politics
18355	un, humanrights, war, politics
32876	elections, republicans, politics, trump, democrats, usa
15765	economics, society, politics
29944	politics, taxation, capitalism, georgism, economics, society
7565	taxation, education, college, politics
1260	countries, life, best, politics
29320	uk, elections, politics
24392	uk, britain, parliament, politics
9997	usa, immigration, politics
31372	america, usa, obama, politics
27811	un, world, climatechange, politics
14742	elections, society, politics
30985	environment, politics
12545	school, education
12651	anthropology, education, humanities, culture
19017	school, education
10133	uk, education, society
20776	education
1926	empowerment, literature, race, slavery, education, censorship, usa
4555	education, mastery, feedback, grades, schooling, competency
30188	education, student, wealth, college
11784	psychology, education, violence, gun
7873	education, grades, student
21844	education, economics, usa
31178	kids, education, society, programming
31849	sports, chess, education, creativity, games, learning
12100	school, purpose, education, uk, learning, wellbeing
28851	school, education, learning
32034	education
18510	school, education, health
19289	school, education, society
16422	education, society, media
31946	weather, education, digital, inclement, learning
32301	education, scuola
24256	violence, education, society
6090	women, education, equality, environment, life, economics
30858	school, education
16218	school, violence, education
7600	literature, education, culture, society
14416	education, history, culture, society, usa
4193	school, education, health
9197	education, economics, society
13059	education
4401	school, education, policy, sex
6467	education, literature
8606	school, education, usa
9549	education, literature, india
32846	teaching, education, bildung
32759	mathematics, education
12828	business, education, equality, freedom
9841	anatomy, education, ar, medicine, vr
28342	emotion, future, society
14286	freespeech, society, usa
12577	marriage, relationships, society
9226	earth, environment, humans, climatechange, society
31658	epistemology, equalopportunity, humanrights, equality, morality, society
27337	independence, relationships, individual, culture, society
1528	lifestyle, health, society
33113	society
19174	cars, traffic, mobile, society, mobility
18052	divination, occult, society, tarot
14770	privacy, media, society
14048	society
8021	languages, world, culture, society
10249	ancient, effect, culture, greece, society
21205	health, society
14448	currency, society
12218	violence, society, parenting
11266	debate, anonymity, discourse, freespeech, society
21101	psychology, drugs, society, health, disease
22324	humans, relationships, society
22143	tipping, service, money, economics, society
7121	food, health, humans, medicine, society
16591	environment, earth, humans, life, climatechange, society
32205	christmas, society, easter
8653	marriage, relationships, sex, society
32589	languages, communication, society
19221	business, cars, environment, society
18711	environment, climatechange, future, economics, society
22967	business, economics, society
15238	sports, society, usa
14886	business, jobs, economics, society
11186	kialo, discourse, workculture, society
17670	driving, wellbeing, safety, society
16993	society
25697	music, culture, society
7405	history, time, health, life, society
13564	evolution, humans, ai, society
24634	women, marriage, relationships, culture, society
25000	business, culture, jobs, economics, society
9903	ubi, economics, society
16989	economy, race, equality, society
32171	environment, health, economics, society
25742	lgbtq, society, games
29555	humans, health, society
17881	economics, society
15493	business, economics, entrepreneur
30748	corporations, investing, business, policy, investment, economics
22537	distribution, equality, economics
14283	blockchain, cryptocurrency, icos, investment, crypto, economics
18681	economics
17978	trade, usa, nafta, trump, economics, canada, mexico
27632	cancer, health, economics, medicine
15900	environment, climatechange, economics, earth
2230	economics
16618	economics, usa
29627	sustainability, disposable, toxins, environment, health, economics
18191	privacy, darknet, blockchain, cryptocurrency, crypto, economics
8246	investing, investment, capitalgains, economics, usa
5946	blockchain, cryptocurrency, finance, fiat, crypto, economics
29896	security, blockchain, cryptocurrency, sovereignty, crypto, economics
26461	wage, economics, disabilities, discrimination
30319	economics
31870	space, survival, extinction, nuclear, exploration, economics
25343	environment, climatechange, economics
27936	capitalism, socialism, economics, economy
5909	taxation, money, economics
22187	capitalism, economics
6464	bitcoin, blockchain, cryptocurrency, finance, crypto, economics
15599	environment, climatechange, economics
26032	capitalism, poverty, economics
31340	wealthgap, unitedstates, taxation, economicinequality, economy, economics
28620	wealth, capitalism, supplyside, taxes, economics
24909	abuse, relationship, feminism
25158	advertising, toxic, feminism, masculinity, gillette
19163	equality, feminism, parenthood, career, maternity, paternity
19160	women, lifestyle, culture, feminism
13628	violence, culture, feminism
29943	race, women, feminism, socialjustice
14103	islam, women, feminism
29355	sex, women, virginity, feminism, purity
31828	christianity, bible, authors
24804	belief, christianity, god, psychology
9878	liberty, terrorism, nsa, snowden, intelligence, internet, surveillance, usa
12984	gmo, health, food, usa
2590	military, humanrights, lgbtq, transgender, usa
1122	fbi, pedophilia, darknet, usa
32252	drones, usa
12610	women, equality, work, jobs, usa
32861	military, usa
16372	trump, unions, scotus, usa
9963	food, usa
15502	sexwork, censorship, sesta, usa
31941	india, h1b, greencard, visa, usa
2141	pay, gap, socialjustice, capitalism, wager, salary, usa
1108	ww2, japan, history, nuclearweapons, usa
30233	china, facebook, peterthiel, google, usa
30410	race, history, equality, australia, culture, usa
15487	unitednations, climate, trump, climatechange, usa
29465	speech, socialmedia, freedom, freespeech, usa
7352	sex, art, culture, morality, usa
2160	northkorea, tourism, ban, usa
30620	friedensnobelpreis, obama, politik, usa
9746	gun, usa
10248	poverty, development, equality, environment, climatechange
10436	business, wage-gap, equality, wages
29894	music, race, lgbtq, equality
24663	racism, traditions, equality, culture
31783	pay, sport, equality
15653	police, lgbtq, equality
30310	bubbles, astronomy, unknown, environment, existence, big
11605	oil, palm, environment
30253	sustainability, greenwill, environment, green, begreener
30856	diy, ecology, environment, waste, landfill, water
31679	adaptations, environment, climate-change
30084	environment, climatechange, lifestyle
31208	digital, travel, environment, tourism, future, vr
29370	environment, eu, taxes, climatechange
30028	sustainability, plastic, ecology, environment, green, singleuse
16680	art, culture, fandom
30989	hiphop, rap, music, culture
15818	israel, music, culture
30667	responsibility, relationships, culture, family
31391	generations, industry, culture, talent
1029	sex, health, vaccines, medicine, parenting
13288	life, health, medicine, future
16410	aca, obamacare, policy, affordable, act, health, reform, care
19235	lifespan, health, humans
28906	work, health, mentalhealth
3980	lifestyle, health, medicine
29929	health, socialmedia, mentalhealth
24790	shaving, hair, health, female
31031	cancer, health, medicine
14766	capitalism, uk, health
2550	health, food
30862	influenza, antivax, vaccine, health, immunity
5991	uk, health, medicine
30281	uk, health, privatization
6086	nutrition, health, diet
9734	drugs, uk, health, marijuana, medicine
9883	pepsi, cocacola, softdrinks, health, cola, drinking
30085	psychology, sex, health, humans
31552	nuclearweapons, future, war
30725	ww2, japan, china, history, war
31043	news, violence, war, journalism
32202	new, world, change, international
30088	travel, world, tourism
27150	ai, ani, agi, aritifcial, intelligence
30378	art, ai, blues
16060	literature, dune, sciencefiction, sequel
15795	harrypotter, literature, fantasy, sexualassault, rape
26865	literature, freespeech
30060	literature, youngadult, books
32053	orwell, literature, books
16878	business, resources, humans
18046	business, work, salary
30506	business, corporations, political, socialjustice
16507	youtube, opensource, peertube, freedom, software, google
5763	facebook, relationships, socialmedia
15495	friends, relationships, life
10035	prenup, relationships, divorce, marriage
30015	sex, cheating, relationships, sexuality, monogamy
16246	relationships, marriage
14272	irandeal, unitedstates, iran, trump, nuclearweapons, diplomacy
30863	trump, democrats, impeachment, 2020
30259	trump, charlottesville, whitesupremacy
14412	drugs, psychology, mentalhealth
27032	psychology, humans, animals
16186	decentralization, ledger, cryptocurrency, blockchain, crypto
30945	security, blockchain, cryptocurrency, backup, crypto, cryptography
333	bitcoin, blockchain, cryptocurrency, anonymity, crypto, adc
29992	globalization, blockchain, cryptocurrency, currency, finance, crypto
30878	consensus, blockchain, cryptocurrency, governance, crypto, ethereum
30287	blockchain, cryptocurrency, governance, dgov, crypto, ethereum
32530	blockchain, cryptocurrency, programming, crypto, ethereum
2976	bitcoin, blockchain, cryptocurrency, fintech, crypto, ethereum
26938	taxation, poverty, money
31225	future
31221	climatechange, future, humans
10373	skill, creativity, work, jobs, future
10040	soda, drink, food
25862	animals, vegan, vegetarian, food
10104	pizza, hawaiian, pineapple, food
31829	subjectivity, animals, dogs, cats, pets
23982	farming, animals, meat, insects
31747	animals, rights
30257	animals, animalrights, pet
30562	security, internet
6966	privacidad, internet
26182	politik, europa, recht, internet, article13, eu
9181	deutschland, politik, recht, internet, germany
8756	communication, internet, discussion
10310	media, internet, journalism
27176	politik, europa, recht, internet, uploadfilter
8122	youtube, internet, censorship, media, freespeech
31397	elections, fraud, voting, hacking, internet, it
27396	hatespeech, facebook, internet, socialmedia
29073	thistimeimvoting, spd, politik, internet, cdu, rezo
6274	web, website, javascript, programming, internet, softwaredevelopment
17099	internet, cybersecurity, hacking
14768	knowledge, internet, subjectivity, learning
15907	arg, internet, industry, games
9119	cars, carbon
4748	cars, electric, vehicles
26903	urban, cars, cities, pedestrians
30504	cars, trucks, looks, engine, durabillity
13751	cars, lifestyle, traffic, pollution
29828	humanrights, constitution, australia
33112	travel, climatechange, economy
30170	venusproject, systems, rbe, economy, automation, resources
30534	global-warming, recycling, energy, ecology, economy, climatechange
32480	value, china, economy, worldaffairs
10097	universe, aliens, behavior, encounter, life
18637	violence, life, gun
32909	border, humanities, humans
30317	senses, consciousness, humans
31157	women, utilize, men, lonely, talent, disenfranchised
6465	fashion, women, clothing
30664	drugs, sports, competition
1335	sports, olympics
30643	gary_bettman, sports, nhl, hockey
32108	sports, socialmovement
14939	sports
7556	sports, basketball
31568	tennis, sports
31741	sports, football, fantasy
30673	sports, it
30730	gods, abilities, logic, god, conceivable
31848	intelligent, design, creationism, god, universe
2741	cosmology, creationism, nerd, history, moral, evolution, god
30247	drugs, addiction
33035	drugs
29631	tantra, sex, esotericism
30193	mulan, movies, film
25156	movies, film, england
13012	movies, film, christmas, muppets
11297	gangster, movies, film
11280	pilot, comparison, military, best
30299	foreignlegion, military, foreignpolicy
30977	klimagesetz, deutschland, klima, klimawandel, eu, thunberg
13842	hungary, eu, immigration
31853	privacy, data
15727	privacy, police, public, policebrutality, safety, surveillance
32519	school, library, debate
5016	school, nut, diet
19208	american, history, warbetweenthestates
9157	history, troy, classics, odyssey, homer, greekphilosophy
30716	lifespan, transhumanism, medicine
25902	medicina, italia, medicine, studio
28206	pharmacist, pharmacy, doctor, physician, medicine
10250	uk, referendum, brexit
22608	doctorwho, tv, uk, television, jodiewhittaker
29841	brexit, conservative, house, commons, uk, labour
32709	freespeech, malware
30157	freemarket, computer, games, freespeech, nazi
29693	news, media, taiwan
21845	2018, elections, brazil, haddad, bolsonaro
31239	climate, climatechange, global-warming
28142	climate, climatechange, university
31852	global-warming, hypocrisy, climate, climate-change, westworld, climatechange
30393	coldfusion, nuclear, energy, lenr, cleantech, climatechange
30792	climatechange
15091	gaming, art, pixelart, games
5431	videogames, games, gambling, overwatch, gaming
5119	microsoft, console, sony, games, gaming, nintendo
14104	rpg, creativity, games
30053	fantasy, games
18090	morality
28745	recht, gesellschaft, politik, demokratie
23301	migrationspakt, recht, politik
27525	nachrichtendienst, geheimdienst, politik, bnd, cia, mi5
17976	deutschland, recht, gesellschaft, politik
9472	umwelt, gesellschaft, politik
9477	koalition, deutschland, politik, groko, bundesregierung, gesellschaft
32825	politik
19162	deutschland, energie, gesellschaft, politik
31672	distribution, klimawandel, gesellschaft, politik
31355	politik, wirtschaft
22314	afd, politik
28165	thistimeimvoting, europa, politik
31092	deutschland, verfassungsschutz, politik, afd, recht, germany
29910	bahn, politik, nahverkehr, s-bahn, berlin
14940	dopad, film, czech
30228	gun, massshooting, gunlaw, shooting, guns
1233	honey, animalrights, peta, bees
27863	mouse, snake, feeding, reptile, animalrights, welfare
30560	college, k-12, online, schooling, alternative
16899	twitter, socialmedia
16548	languages
32197	languages, christmas, music
10844	software, security, programming
8098	dataanalysis, programming, spreadsheet, excel
29491	international, poverty, political
2225	international
18682	international, time, date, standard
27060	travel, international, visa
30665	learning
29830	challenges, lifestages, changes, learning
30551	political, homosexuality
30794	vegan, vegetarian
28999	quantum, brain, neurology, freewill, evolution, consciousness
18047	gaming
30431	gaming, mods, nintnedo, fangames
17714	videogames, gaming
12376	wow, game, design, worldofwarcraft, gaming
15925	sony, gaming, microsoft, console
30322	poverty, countries, savings, rich, people
30428	police, civilassetforfeiture, policebrutality, qualifiedimmunity, accountability, governmentpower
984	bitcoin, payments, anonymity, currency, finance, anonymous
18951	security, computers, it
13237	nations, border, building, control, security, globalization, boundaries, constant, natural, changes, nationalist, prevention
30679	taxation, security, secularism, terrorism
29700	crosscompiler, c, ide, development
17660	development, agile, software, spotify, scrum
7216	falsetheories, crowdmanipulation, criticalthinking, flatearththeory, earth, truth
15491	guitar, music, tonewood
29494	software, communication, online, cryptography
14073	certification, agile, c, software, kanban, scrum
18632	software, collaboration, teams, slack
15628	software, opensource
3093	nerd, marvel, tv, superheroes, netflix
29004	fantasy, gameofthrones, series, tv
21066	solar, battery, gridtie, energy, green, offgrid
10390	federal, ferc, solar, regulation, energy, naturalgas, electricity, electric, utility
16721	videogames, nintendo
30999	judgment, globalization, death, crimes, punishment
31756	activism, university, protest
7412	android, iphone, google, mobile, apple, ios
29974	android, html5, nativeapp, apple, ios, progressivewebapp
31301	mobile, apple, apps, platform
7176	reservation, castediscrimination, affirmativeaction, dalits, caste, discrimination
32864	referendum
32218	deutschland, deutsch, germany
32706	deutschland, assange, germany, deutsch
28582	roleplay, fantasy, game, rpg
30238	belief, practical, system, behavior, reality, concept
30829	travel, aviation
32724	assange, journalism
15736	journalism
27651	politica, europa, thistimeimvoting
28084	europa, thistimeimvoting
27736	online, facebook, ventas
32143	cosmos, aliens, universe
31549	aliens
29946	karezza, masturbation, tantra, sexuality, nofap, orgasm
15686	nuclearweapons
13948	copyright, video, youtube, ip
13555	computing, computers
32801	computing, computers
30066	venezuela, corruption, hyperinflation, economicinequality, crisis
28436	mercado, spain, market, impuestos, taxes
16288	charity, welfare, giving
25426	mathematics, numbers
17642	mathematics, math, mathclass, class
18408	web, it, microservices
1563	mirai, ddos, cybersecurity, botnet, it
20989	politique, langue, anglais, loi, canada
31545	canada
30430	effeciency, computing, green
24907	cartoon, anime, best
12200	firebase, database, google
2964	catalonia, independence
23911	gamecube, smash, pal, nintendo, ntsc
29965	prices, housing, realestate
15660	politica, ue, m5s, populismo, lega, dimaio, salvini, europa, italia, euroscetticismo
30076	scooters, electricity
19066	republican, rich, corruption, party
9131	politica, m5s, elezioni, lega, berlusconi, sondaggielettorali, senato, voti, pd, parlamento, italia, sondaggi, forzaitalia
31281	cities, city, olympics, countries, country
9865	clonazione, dna
13056	cancer, tobacco, smoking
31056	franchise, heinlein, voting
32079	kialo, voting
31673	klimawandel, gesellschaft
31674	klimawandel, gesellschaft
32549	america, country
30857	healthcare, transparency, hipaa
30344	biology, virology
29877	socialism
7761	higgs, lhc, boson, physics, particle, dark
32829	football
31028	kids, toys, creativity
31669	klimawandel
32815	energie, klimawandel
31350	co2, klimawandel
29898	numerique, pollution
29923	boardwalk, droevendaal, takeback, issue, road, close
29207	giveawayshop, droevendaal, issue
29907	road, light, droevendaal, issue
28295	loi, prison
29353	france, philosophie, gouvernement
29721	css, javascript, frontend
32033	css, vuejs, javascript, html5, angular, reactjs
31555	softwaredevelopment, restructuredtext, writing
23390	requin, politique, crise, mer, surf, ecologie
29881	economie, politique
20564	esoteric, superset, meta, kialo
33169	sexism, church
11406	yoga, writers, writing
27126	sabato-a-casa, settimana-corta, piano-settimanale, scuola
30910	vr
16290	recycling, tipping, fly, council
28353	observer, reactjs, mobx
32837	philosophie
29501	venezuela
32134	energie, enr, collapse
18260	pizza
24216	economie, ecologie
27585	accessibility, transport, access, mobility
31381	balance, adventure, mcelroy, taz, podcast, zone
27250	tennis, federer, rogerfederer, goat
30896	denver, hiking, outdoor, adventure, colorado, backpacking
